stimulus_id,word,initial_phoneme,talker_sex,talker
bad_m1,bad,b,male,m1
bad_m2,bad,b,male,m2
bad_m3,bad,b,male,m3
bad_m4,bad,b,male,m4
bad_f1,bad,b,female,f1
bad_f2,bad,b,female,f2
bad_f3,bad,b,female,f3
bad_f4,bad,b,female,f4
pad_m1,pad,p,male,m1
pad_m2,pad,p,male,m2
pad_m3,pad,p,male,m3
pad_m4,pad,p,male,m4
pad_f1,pad,p,female,f1
pad_f2,pad,p,female,f2
pad_f3,pad,p,female,f3
pad_f4,pad,p,female,f4
buff_m1,buff,b,male,m1
buff_m2,buff,b,male,m2
buff_m3,buff,b,male,m3
buff_m4,buff,b,male,m4
buff_f1,buff,b,female,f1
buff_f2,buff,b,female,f2
buff_f3,buff,b,female,f3
buff_f4,buff,b,female,f4
puff_m1,puff,p,male,m1
puff_m2,puff,p,male,m2
puff_m3,puff,p,male,m3
puff_m4,puff,p,male,m4
puff_f1,puff,p,female,f1
puff_f2,puff,p,female,f2
puff_f3,puff,p,female,f3
puff_f4,puff,p,female,f4
beach_m1,beach,b,male,m1
beach_m2,beach,b,male,m2
beach_m3,beach,b,male,m3
beach_m4,beach,b,male,m4
beach_f1,beach,b,female,f1
beach_f2,beach,b,female,f2
beach_f3,beach,b,female,f3
beach_f4,beach,b,female,f4
peach_m1,peach,p,male,m1
peach_m2,peach,p,male,m2
peach_m3,peach,p,male,m3
peach_m4,peach,p,male,m4
peach_f1,peach,p,female,f1
peach_f2,peach,p,female,f2
peach_f3,peach,p,female,f3
peach_f4,peach,p,female,f4
bill_m1,bill,b,male,m1
bill_m2,bill,b,male,m2
bill_m3,bill,b,male,m3
bill_m4,bill,b,male,m4
bill_f1,bill,b,female,f1
bill_f2,bill,b,female,f2
bill_f3,bill,b,female,f3
bill_f4,bill,b,female,f4
pill_m1,pill,p,male,m1
pill_m2,pill,p,male,m2
pill_m3,pill,p,male,m3
pill_m4,pill,p,male,m4
pill_f1,pill,p,female,f1
pill_f2,pill,p,female,f2
pill_f3,pill,p,female,f3
pill_f4,pill,p,female,f4
